﻿Bruger_ID;b_mail;b_password;b_navn;b_efternavn;R_ID
949454;marco@gmail.com;******;Marco;Boss;X88
949455;mathias@gmail.com;******;Mathias;Hut;X32
949457;muslim@gmail.com;******;Muslim;Jatak;X54
949459;oliver@gmail.com;******;Oliver;Will;X31
949467;bjørn@gmail.com;******;Bjørn;Bjørnsen;X32
949432;søren@gmail.com;******;Søren;Bo;X88
949433;jonas@gmail.com;******;Jonas;Wind;X55
949422;bente@gmail.com;******;Bente;Spændte;X32
9348382;karlen@gmail.com;******;Karl;Man;X32
9623444;mathias2@gmail.com;******;Matti;Maserati;X55